"stratum","count","percentage","area_km2","density_per_1000km2"
"Off Peat",566931,51.762986147379,419659.943108998,1350.92950687636
"On Peat",528313,48.237013852621,57525.3585032649,9184.00186884564
