"stratum","count","area_km2","density_per_1000km2"
"Outside OP Concession",981908,441290.006799211,2225.08551036999
"Inside OP Concession",114940,35895.2948130521,3202.09098709523
