"stratum","count","area_km2","density_per_1000km2"
"Outside WF Concession",806384,425920.012243321,1893.27567810861
"Inside WF Concession",289484,51265.2893689422,5646.78369250319
